n,pattern,trial,algorithm,time_ms,comparisons,writes
100,Random,0,Insertion,0.460635,2623,2623
100,Random,0,Heap,0.165659,1022,1152
100,Random,0,Bubble,0.954198,4929,5048
100,Random,1,Bubble,0.682368,4935,5054
100,Random,1,Insertion,0.35186,2623,2626
100,Random,1,Heap,0.164048,1032,1166
100,Random,2,Insertion,0.366422,2592,2594
100,Random,2,Bubble,0.729389,4944,4990
100,Random,2,Heap,0.158739,1015,1142
100,Random,3,Insertion,0.339852,2663,2665
100,Random,3,Bubble,0.710701,4914,5132
100,Random,3,Heap,0.158639,1022,1146
100,Random,4,Bubble,0.625572,4935,5194
100,Random,4,Heap,0.157627,1005,1142
100,Random,4,Insertion,0.532923,2690,2696
100,Sorted,0,Insertion,0.011978,99,99
100,Sorted,0,Bubble,0.008973,99,0
100,Sorted,0,Heap,0.167663,1081,1280
100,Sorted,1,Insertion,0.011878,99,99
100,Sorted,1,Heap,0.22605,1081,1280
100,Sorted,1,Bubble,0.008903,99,0
100,Sorted,2,Bubble,0.008693,99,0
100,Sorted,2,Heap,0.166692,1081,1280
100,Sorted,2,Insertion,0.011978,99,99
100,Sorted,3,Heap,0.237709,1081,1280
100,Sorted,3,Insertion,0.011658,99,99
100,Sorted,3,Bubble,0.009134,99,0
100,Sorted,4,Heap,0.17214,1081,1280
100,Sorted,4,Bubble,0.008733,99,0
100,Sorted,4,Insertion,0.011998,99,99
100,Reverse,0,Heap,0.204118,944,1032
100,Reverse,0,Bubble,0.898313,4950,9900
100,Reverse,0,Insertion,0.571862,4950,5049
100,Reverse,1,Insertion,0.527164,4950,5049
100,Reverse,1,Bubble,0.929832,4950,9900
100,Reverse,1,Heap,0.299772,944,1032
100,Reverse,2,Heap,0.143376,944,1032
100,Reverse,2,Bubble,0.798774,4950,9900
100,Reverse,2,Insertion,0.561967,4950,5049
100,Reverse,3,Bubble,0.941489,4950,9900
100,Reverse,3,Heap,0.141774,944,1032
100,Reverse,3,Insertion,0.686714,4950,5049
100,Reverse,4,Heap,0.142725,944,1032
100,Reverse,4,Bubble,0.951153,4950,9900
100,Reverse,4,Insertion,0.78271,4950,5049
100,Duplicates,0,Heap,0.151869,993,1090
100,Duplicates,0,Insertion,0.340514,2461,2466
100,Duplicates,0,Bubble,0.739304,4922,4734
100,Duplicates,1,Bubble,0.697901,4859,4424
100,Duplicates,1,Heap,0.165529,1000,1076
100,Duplicates,1,Insertion,0.246602,2309,2311
100,Duplicates,2,Insertion,0.300783,2289,2291
100,Duplicates,2,Heap,0.146781,967,1060
100,Duplicates,2,Bubble,1.256343,4895,4384
100,Duplicates,3,Insertion,0.330468,2553,2554
100,Duplicates,3,Bubble,0.595187,4845,4910
100,Duplicates,3,Heap,0.171929,989,1064
100,Duplicates,4,Insertion,0.250317,2347,2348
100,Duplicates,4,Bubble,0.567125,4884,4498
100,Duplicates,4,Heap,0.188044,1004,1084
250,Random,0,Bubble,4.8373,30422,30314
250,Random,0,Heap,0.502126,3233,3560
250,Random,0,Insertion,1.803918,15402,15406
250,Random,1,Heap,0.538431,3216,3528
250,Random,1,Bubble,5.380479,31110,32352
250,Random,1,Insertion,1.854535,16420,16425
250,Random,2,Heap,0.494074,3208,3528
250,Random,2,Bubble,4.375965,31047,31814
250,Random,2,Insertion,2.07012,16153,16156
250,Random,3,Insertion,1.933344,16312,16316
250,Random,3,Bubble,4.374152,30915,32134
250,Random,3,Heap,0.572052,3214,3542
250,Random,4,Heap,0.492992,3215,3556
250,Random,4,Insertion,1.914445,14455,14461
250,Random,4,Bubble,3.9214,31070,28424
250,Sorted,0,Insertion,0.036295,249,249
250,Sorted,0,Bubble,0.025989,249,0
250,Sorted,0,Heap,0.560515,3363,3856
250,Sorted,1,Bubble,0.021713,249,0
250,Sorted,1,Insertion,0.029224,249,249
250,Sorted,1,Heap,0.572453,3363,3856
250,Sorted,2,Insertion,0.028943,249,249
250,Sorted,2,Heap,0.576358,3363,3856
250,Sorted,2,Bubble,0.022274,249,0
250,Sorted,3,Heap,0.607445,3363,3856
250,Sorted,3,Insertion,0.028604,249,249
250,Sorted,3,Bubble,0.075584,249,0
250,Sorted,4,Bubble,0.021653,249,0
250,Sorted,4,Heap,1.624829,3363,3856
250,Sorted,4,Insertion,0.028714,249,249
250,Reverse,0,Insertion,4.185097,31125,31374
250,Reverse,0,Heap,0.447405,3007,3182
250,Reverse,0,Bubble,4.972564,31125,62250
250,Reverse,1,Insertion,3.595999,31125,31374
250,Reverse,1,Heap,0.445851,3007,3182
250,Reverse,1,Bubble,5.211043,31125,62250
250,Reverse,2,Insertion,4.361423,31125,31374
250,Reverse,2,Heap,0.485261,3007,3182
250,Reverse,2,Bubble,6.721059,31125,62250
250,Reverse,3,Heap,0.441826,3007,3182
250,Reverse,3,Insertion,4.154612,31125,31374
250,Reverse,3,Bubble,6.402148,31125,62250
250,Reverse,4,Insertion,3.685965,31125,31374
250,Reverse,4,Bubble,4.957541,31125,62250
250,Reverse,4,Heap,0.438761,3007,3182
250,Duplicates,0,Heap,0.580905,3074,3260
250,Duplicates,0,Insertion,1.743448,14156,14157
250,Duplicates,0,Bubble,4.475886,29109,27816
250,Duplicates,1,Heap,0.502006,3089,3306
250,Duplicates,1,Bubble,3.705975,30849,27716
250,Duplicates,1,Insertion,1.676417,14106,14107
250,Duplicates,2,Heap,0.59119,3055,3268
250,Duplicates,2,Bubble,6.485544,30597,27374
250,Duplicates,2,Insertion,1.944811,13933,13936
250,Duplicates,3,Insertion,1.806723,14212,14214
250,Duplicates,3,Heap,0.61053,3048,3262
250,Duplicates,3,Bubble,4.54559,30179,27930
250,Duplicates,4,Bubble,5.224223,30305,31152
250,Duplicates,4,Insertion,2.01079,15822,15825
250,Duplicates,4,Heap,0.494776,3077,3242
500,Random,0,Heap,1.332017,7396,8060
500,Random,0,Bubble,20.352672,124749,126724
500,Random,0,Insertion,8.737718,63852,63861
500,Random,1,Heap,1.179528,7399,8074
500,Random,1,Bubble,21.08167,124399,121622
500,Random,1,Insertion,7.365741,61305,61310
500,Random,2,Heap,1.239387,7399,8038
500,Random,2,Insertion,7.67074,61891,61897
500,Random,2,Bubble,18.262252,121747,122796
500,Random,3,Bubble,17.732483,123847,131204
500,Random,3,Heap,1.231897,7424,8048
500,Random,3,Insertion,8.311215,66093,66101
500,Random,4,Bubble,16.823615,122539,129852
500,Random,4,Insertion,7.859665,65419,65425
500,Random,4,Heap,1.157003,7417,8074
500,Sorted,0,Bubble,0.048543,499,0
500,Sorted,0,Insertion,0.063676,499,499
500,Sorted,0,Heap,1.178035,7756,8708
500,Sorted,1,Insertion,0.076355,499,499
500,Sorted,1,Heap,1.197384,7756,8708
500,Sorted,1,Bubble,0.049495,499,0
500,Sorted,2,Insertion,0.063005,499,499
500,Sorted,2,Heap,1.206718,7756,8708
500,Sorted,2,Bubble,0.048713,499,0
500,Sorted,3,Heap,1.204986,7756,8708
500,Sorted,3,Bubble,0.056155,499,0
500,Sorted,3,Insertion,0.063346,499,499
500,Sorted,4,Heap,1.363165,7756,8708
500,Sorted,4,Insertion,0.065959,499,499
500,Sorted,4,Bubble,0.050787,499,0
500,Reverse,0,Insertion,15.857427,124750,125249
500,Reverse,0,Bubble,22.802504,124750,249500
500,Reverse,0,Heap,1.171426,7010,7352
500,Reverse,1,Insertion,17.30578,124750,125249
500,Reverse,1,Bubble,22.227919,124750,249500
500,Reverse,1,Heap,1.179147,7010,7352
500,Reverse,2,Heap,1.156102,7010,7352
500,Reverse,2,Insertion,15.749404,124750,125249
500,Reverse,2,Bubble,23.188365,124750,249500
500,Reverse,3,Bubble,24.899644,124750,249500
500,Reverse,3,Insertion,16.302318,124750,125249
500,Reverse,3,Heap,1.26098,7010,7352
500,Reverse,4,Heap,1.210705,7010,7352
500,Reverse,4,Insertion,16.285973,124750,125249
500,Reverse,4,Bubble,24.419671,124750,249500
500,Duplicates,0,Heap,3.044108,7090,7484
500,Duplicates,0,Insertion,8.426819,55161,55161
500,Duplicates,0,Bubble,15.962697,122605,109324
500,Duplicates,1,Heap,1.129292,7056,7450
500,Duplicates,1,Insertion,7.482577,55210,55212
500,Duplicates,1,Bubble,17.075403,122539,109426
500,Duplicates,2,Heap,1.376905,7070,7458
500,Duplicates,2,Insertion,7.40534,58454,58457
500,Duplicates,2,Bubble,17.186139,124009,115916
500,Duplicates,3,Bubble,16.41612,121669,112620
500,Duplicates,3,Heap,1.186849,6970,7310
500,Duplicates,3,Insertion,7.404078,56809,56809
500,Duplicates,4,Heap,1.176803,6986,7370
500,Duplicates,4,Insertion,7.117507,55503,55506
500,Duplicates,4,Bubble,16.450261,123475,110014
1000,Random,0,Insertion,35.375702,249913,249916
1000,Random,0,Heap,2.957747,16856,18196
1000,Random,0,Bubble,85.895447,498905,497834
1000,Random,1,Bubble,81.985128,498324,489676
1000,Random,1,Insertion,33.116698,245829,245837
1000,Random,1,Heap,3.283568,16850,18192
1000,Random,2,Heap,3.047001,16875,18242
1000,Random,2,Insertion,34.983952,243439,243447
1000,Random,2,Bubble,80.294356,499200,484896
1000,Random,3,Heap,2.902674,16900,18234
1000,Random,3,Insertion,32.93886,248837,248842
1000,Random,3,Bubble,76.643464,496872,495686
1000,Random,4,Heap,3.162096,16877,18248
1000,Random,4,Insertion,34.118462,248498,248508
1000,Random,4,Bubble,78.995358,498680,495018
1000,Sorted,0,Heap,4.092788,17583,19416
1000,Sorted,0,Bubble,0.09957,999,0
1000,Sorted,0,Insertion,0.187222,999,999
1000,Sorted,1,Bubble,0.098218,999,0
1000,Sorted,1,Heap,3.685855,17583,19416
1000,Sorted,1,Insertion,0.36481,999,999
1000,Sorted,2,Heap,3.851414,17583,19416
1000,Sorted,2,Insertion,0.134032,999,999
1000,Sorted,2,Bubble,0.142906,999,0
1000,Sorted,3,Bubble,0.103095,999,0
1000,Sorted,3,Insertion,0.131028,999,999
1000,Sorted,3,Heap,3.909462,17583,19416
1000,Sorted,4,Bubble,0.09943,999,0
1000,Sorted,4,Heap,3.217268,17583,19416
1000,Sorted,4,Insertion,0.13316,999,999
1000,Reverse,0,Bubble,101.279696,499500,999000
1000,Reverse,0,Insertion,69.113045,499500,500499
1000,Reverse,0,Heap,2.605367,15965,16632
1000,Reverse,1,Insertion,66.044371,499500,500499
1000,Reverse,1,Bubble,90.236309,499500,999000
1000,Reverse,1,Heap,2.565536,15965,16632
1000,Reverse,2,Heap,2.647219,15965,16632
1000,Reverse,2,Bubble,93.521442,499500,999000
1000,Reverse,2,Insertion,65.064557,499500,500499
1000,Reverse,3,Insertion,74.938568,499500,500499
1000,Reverse,3,Heap,3.482528,15965,16632
1000,Reverse,3,Bubble,105.912036,499500,999000
1000,Reverse,4,Heap,2.835664,15965,16632
1000,Reverse,4,Bubble,112.355186,499500,999000
1000,Reverse,4,Insertion,70.928764,499500,500499
1000,Duplicates,0,Heap,2.788042,15813,16622
1000,Duplicates,0,Insertion,34.112319,227151,227156
1000,Duplicates,0,Bubble,68.655628,493935,452314
1000,Duplicates,1,Bubble,77.803434,493059,456726
1000,Duplicates,1,Heap,3.199422,15621,16338
1000,Duplicates,1,Insertion,33.649222,229360,229362
1000,Duplicates,2,Heap,2.612157,15796,16580
1000,Duplicates,2,Insertion,29.905709,212843,212845
1000,Duplicates,2,Bubble,82.781882,494940,423692
1000,Duplicates,3,Insertion,30.367497,228427,228430
1000,Duplicates,3,Heap,2.573198,15895,16678
1000,Duplicates,3,Bubble,74.632336,494844,454862
1000,Duplicates,4,Bubble,78.156576,493172,465046
1000,Duplicates,4,Insertion,30.96735,233518,233522
1000,Duplicates,4,Heap,6.502911,15788,16506
2000,Random,0,Bubble,347.386593,1997289,1991728
2000,Random,0,Insertion,149.325112,997859,997863
2000,Random,0,Heap,7.324558,37625,40258
2000,Random,1,Bubble,317.283887,1998405,1988922
2000,Random,1,Insertion,164.403501,996456,996460
2000,Random,1,Heap,7.279211,37773,40378
2000,Random,2,Bubble,312.81355,1997824,2018642
2000,Random,2,Insertion,160.188254,1011315,1011320
2000,Random,2,Heap,7.273822,37682,40280
2000,Random,3,Heap,6.72141,37686,40290
2000,Random,3,Insertion,144.561038,996318,996327
2000,Random,3,Bubble,337.722769,1992214,1988656
2000,Random,4,Insertion,170.071857,1023400,1023407
2000,Random,4,Heap,6.972338,37613,40196
2000,Random,4,Bubble,348.209577,1997725,2042816
2000,Sorted,0,Heap,7.399562,39159,42600
2000,Sorted,0,Insertion,0.273993,1999,1999
2000,Sorted,0,Bubble,0.226101,1999,0
2000,Sorted,1,Insertion,0.341395,1999,1999
2000,Sorted,1,Heap,7.800866,39159,42600
2000,Sorted,1,Bubble,0.202255,1999,0
2000,Sorted,2,Bubble,0.263127,1999,0
2000,Sorted,2,Heap,7.074481,39159,42600
2000,Sorted,2,Insertion,0.271138,1999,1999
2000,Sorted,3,Insertion,0.267573,1999,1999
2000,Sorted,3,Bubble,0.215765,1999,0
2000,Sorted,3,Heap,6.395979,39159,42600
2000,Sorted,4,Insertion,0.275496,1999,1999
2000,Sorted,4,Heap,6.808451,39159,42600
2000,Sorted,4,Bubble,0.206481,1999,0
2000,Reverse,0,Heap,5.835124,35964,37416
2000,Reverse,0,Bubble,406.834687,1999000,3998000
2000,Reverse,0,Insertion,310.082397,1999000,2000999
2000,Reverse,1,Insertion,280.024468,1999000,2000999
2000,Reverse,1,Bubble,430.85291,1999000,3998000
2000,Reverse,1,Heap,6.320867,35964,37416
2000,Reverse,2,Bubble,405.888276,1999000,3998000
2000,Reverse,2,Heap,6.41627,35964,37416
2000,Reverse,2,Insertion,280.178095,1999000,2000999
2000,Reverse,3,Bubble,383.968561,1999000,3998000
2000,Reverse,3,Insertion,291.026237,1999000,2000999
2000,Reverse,3,Heap,6.392094,35964,37416
2000,Reverse,4,Heap,6.629892,35964,37416
2000,Reverse,4,Bubble,421.078962,1999000,3998000
2000,Reverse,4,Insertion,284.658795,1999000,2000999
2000,Duplicates,0,Heap,6.679156,35299,36826
2000,Duplicates,0,Bubble,319.888734,1979299,1823786
2000,Duplicates,0,Insertion,117.349526,913888,913892
2000,Duplicates,1,Heap,7.098067,35250,36792
2000,Duplicates,1,Insertion,127.259526,869943,869945
2000,Duplicates,1,Bubble,329.789521,1975347,1735892
2000,Duplicates,2,Heap,6.382259,35142,36630
2000,Duplicates,2,Insertion,120.944013,906222,906225
2000,Duplicates,2,Bubble,324.957142,1978294,1808452
2000,Duplicates,3,Bubble,312.291164,1980085,1796424
2000,Duplicates,3,Heap,5.86527,35173,36566
2000,Duplicates,3,Insertion,179.519595,900211,900211
2000,Duplicates,4,Insertion,136.424163,898675,898676
2000,Duplicates,4,Bubble,299.513166,1977679,1793354
2000,Duplicates,4,Heap,5.555923,35250,36790
