n,pattern,algorithm,median_ms,min_ms,max_ms,mean_comparisons,mean_writes
100,Random,Insertion,0.366422,0.339852,0.532923,2638.2,2640.8
100,Random,Bubble,0.710701,0.625572,0.954198,4931.4,5083.6
100,Random,Heap,0.158739,0.157627,0.165659,1019.2,1149.6
100,Sorted,Insertion,0.011978,0.011658,0.011998,99,99
100,Sorted,Bubble,0.008903,0.008693,0.009134,99,0
100,Sorted,Heap,0.17214,0.166692,0.237709,1081,1280
100,Reverse,Insertion,0.571862,0.527164,0.78271,4950,5049
100,Reverse,Bubble,0.929832,0.798774,0.951153,4950,9900
100,Reverse,Heap,0.143376,0.141774,0.299772,944,1032
100,Duplicates,Insertion,0.300783,0.246602,0.340514,2391.8,2394
100,Duplicates,Bubble,0.697901,0.567125,1.256343,4881,4590
100,Duplicates,Heap,0.165529,0.146781,0.188044,990.6,1074.8
250,Random,Insertion,1.914445,1.803918,2.07012,15748.4,15752.8
250,Random,Bubble,4.375965,3.9214,5.380479,30912.8,31007.6
250,Random,Heap,0.502126,0.492992,0.572052,3217.2,3542.8
250,Sorted,Insertion,0.028943,0.028604,0.036295,249,249
250,Sorted,Bubble,0.022274,0.021653,0.075584,249,0
250,Sorted,Heap,0.576358,0.560515,1.624829,3363,3856
250,Reverse,Insertion,4.154612,3.595999,4.361423,31125,31374
250,Reverse,Bubble,5.211043,4.957541,6.721059,31125,62250
250,Reverse,Heap,0.445851,0.438761,0.485261,3007,3182
250,Duplicates,Insertion,1.806723,1.676417,2.01079,14445.8,14447.8
250,Duplicates,Bubble,4.54559,3.705975,6.485544,30207.8,28397.6
250,Duplicates,Heap,0.580905,0.494776,0.61053,3068.6,3267.6
500,Random,Insertion,7.859665,7.365741,8.737718,63712,63718.8
500,Random,Bubble,18.262252,16.823615,21.08167,123456.2,126439.6
500,Random,Heap,1.231897,1.157003,1.332017,7407,8058.8
500,Sorted,Insertion,0.063676,0.063005,0.076355,499,499
500,Sorted,Bubble,0.049495,0.048543,0.056155,499,0
500,Sorted,Heap,1.204986,1.178035,1.363165,7756,8708
500,Reverse,Insertion,16.285973,15.749404,17.30578,124750,125249
500,Reverse,Bubble,23.188365,22.227919,24.899644,124750,249500
500,Reverse,Heap,1.179147,1.156102,1.26098,7010,7352
500,Duplicates,Insertion,7.40534,7.117507,8.426819,56227.4,56229
500,Duplicates,Bubble,16.450261,15.962697,17.186139,122859.4,111460
500,Duplicates,Heap,1.186849,1.129292,3.044108,7034.4,7414.4
1000,Random,Insertion,34.118462,32.93886,35.375702,247303.2,247310
1000,Random,Bubble,80.294356,76.643464,85.895447,498396.2,492622
1000,Random,Heap,3.047001,2.902674,3.283568,16871.6,18222.4
1000,Sorted,Insertion,0.134032,0.131028,0.36481,999,999
1000,Sorted,Bubble,0.09957,0.098218,0.142906,999,0
1000,Sorted,Heap,3.851414,3.217268,4.092788,17583,19416
1000,Reverse,Insertion,69.113045,65.064557,74.938568,499500,500499
1000,Reverse,Bubble,101.279696,90.236309,112.355186,499500,999000
1000,Reverse,Heap,2.647219,2.565536,3.482528,15965,16632
1000,Duplicates,Insertion,30.96735,29.905709,34.112319,226259.8,226263
1000,Duplicates,Bubble,77.803434,68.655628,82.781882,493990,450528
1000,Duplicates,Heap,2.788042,2.573198,6.502911,15782.6,16544.8
2000,Random,Insertion,160.188254,144.561038,170.071857,1005069.6,1005075.4
2000,Random,Bubble,337.722769,312.81355,348.209577,1996691.4,2006152.8
2000,Random,Heap,7.273822,6.72141,7.324558,37675.8,40280.4
2000,Sorted,Insertion,0.273993,0.267573,0.341395,1999,1999
2000,Sorted,Bubble,0.215765,0.202255,0.263127,1999,0
2000,Sorted,Heap,7.074481,6.395979,7.800866,39159,42600
2000,Reverse,Insertion,284.658795,280.024468,310.082397,1999000,2000999
2000,Reverse,Bubble,406.834687,383.968561,430.85291,1999000,3998000
2000,Reverse,Heap,6.392094,5.835124,6.629892,35964,37416
2000,Duplicates,Insertion,127.259526,117.349526,179.519595,897787.8,897789.8
2000,Duplicates,Bubble,319.888734,299.513166,329.789521,1978140.8,1791581.6
2000,Duplicates,Heap,6.382259,5.555923,7.098067,35222.8,36720.8
